{
  "roi_y": 0.7829861111111112,
  "roi_x1": 0.289453125,
  "roi_x2": 0.947265625
}