{
  "roi_y": 0.8364583333333333,
  "roi_x1": 0.0171875,
  "roi_x2": 0.9703125
}