{
  "roi_y": 0.6760416666666667,
  "roi_x1": 0.006640625,
  "roi_x2": 0.996875
}